timestamp,type,price,position,balance
2023-01-05 05:00:00,buy,40817.63284346921,0.12249607955401046,5000.0000000000055
2023-01-05 06:00:00,sell,40864.48004200563,0.0,10005.7385981588
2023-01-05 07:00:00,buy,40032.498297261234,0.12497019950967361,5002.869299079394
2023-01-05 10:00:00,sell,40765.787540354286,0.0,10097.377901166437
2023-01-05 12:00:00,buy,40541.34561580723,0.1245318544289935,5048.688950583218
2023-01-05 13:00:00,sell,40933.98240459118,0.0,10146.273688590747
2023-01-05 14:00:00,buy,40394.77952904368,0.12558892271333708,5073.13684429539
2023-01-05 15:00:00,sell,40620.8057482435,0.0,10174.660077965022
2023-01-05 18:00:00,buy,40143.45004088374,0.12672876979435857,5087.330038982532
2023-01-05 20:00:00,sell,40604.28725841945,0.0,10233.061411618777
2023-01-05 21:00:00,buy,40130.196050210936,0.12749827335524505,5116.530705809408
2023-01-05 23:00:00,sell,40870.688833059554,0.0,10327.472962863996
2023-01-06 01:00:00,buy,40057.453972478346,0.12890825475277962,5163.7364814320135
2023-01-06 02:00:00,sell,40967.988028969405,0.0,10444.848318979228
2023-01-06 03:00:00,buy,40652.3500113592,0.12846549235235735,5222.4241594896075
2023-01-06 04:00:00,sell,40986.97469281392,0.0,10487.83604343556
2023-01-06 05:00:00,buy,40789.91723482129,0.12855917288405697,5243.918021717795
2023-01-06 06:00:00,sell,40866.802421875305,0.0,10497.72033949026
2023-01-06 08:00:00,buy,40453.44860061034,0.12975062327976453,5248.860169745151
2023-01-06 09:00:00,sell,40588.82071812162,0.0,10515.284956112051
2023-01-06 10:00:00,buy,40429.26479003133,0.130045463486944,5257.64247805604
2023-01-06 11:00:00,sell,40807.0230834211,0.0,10564.41070846196
2023-01-06 12:00:00,buy,40511.40644716811,0.13038810096903566,5282.205354230963
2023-01-06 14:00:00,sell,40832.62905087576,0.0,10606.29431374773
2023-01-06 16:00:00,buy,40093.06517703893,0.13227093347582125,5303.147156873849
2023-01-06 18:00:00,sell,40848.03079206402,0.0,10706.154320389247
2023-01-06 19:00:00,buy,40692.9740499065,0.13154794617934606,5353.077160194621
2023-01-06 20:00:00,sell,40864.46159326503,0.0,10728.713154513403
2023-01-06 23:00:00,buy,40004.42213979386,0.13409408986114452,5364.356577256726
2023-01-07 00:00:00,sell,40321.00589554837,0.0,10771.165165106127
2023-01-07 01:00:00,buy,40239.10530341135,0.13383952108141184,5385.582582553053
2023-01-07 02:00:00,sell,40404.62270231134,0.0,10793.317934505543
2023-01-07 03:00:00,buy,40297.9986575611,0.13391878373692404,5396.658967252763
2023-01-07 04:00:00,sell,40901.84088351898,0.0,10874.183750974818
2023-01-07 06:00:00,buy,40306.84524965037,0.1348925186729808,5437.091875487409
2023-01-07 07:00:00,sell,40874.70299657376,0.0,10950.783512705279
2023-01-07 08:00:00,buy,40645.25677441463,0.13471170293600662,5475.391756352625
2023-01-07 09:00:00,sell,40917.95506634349,0.0,10987.519163998757
2023-01-07 10:00:00,buy,40414.1823984134,0.1359364276589959,5493.759581999368
2023-01-07 11:00:00,sell,40648.02224224696,0.0,11019.306517013829
2023-01-07 12:00:00,buy,40046.190503638885,0.1375824563888603,5509.653258506941
2023-01-07 14:00:00,sell,40719.13326864816,0.0,11111.891635632917
2023-01-07 15:00:00,buy,40014.73757248661,0.13884748857222548,5555.945817816481
2023-01-07 17:00:00,sell,40940.95467472176,0.0,11240.494554150911
2023-01-07 19:00:00,buy,40342.408510265,0.13931362763443783,5620.2472770754775
2023-01-07 21:00:00,sell,40699.646824179945,0.0,11290.262719592412
2023-01-07 22:00:00,buy,40413.35344861838,0.13968480410747008,5645.1313597962035
2023-01-08 00:00:00,sell,40027.98023798182,0.0,11236.431938156378
2023-01-08 02:00:00,buy,40117.58827486281,0.14004371176515779,5618.215969078218
2023-01-08 03:00:00,sell,40967.71781845068,0.0,11355.487234921644
2023-01-08 05:00:00,buy,40438.15771599382,0.14040559555993748,5677.743617460851
2023-01-08 06:00:00,sell,40330.28561291138,0.0,11340.341388044051
2023-01-08 07:00:00,buy,40106.41507838326,0.14137814818253716,5670.17069402204
2023-01-08 09:00:00,sell,40792.58635854818,0.0,11437.351012969808
2023-01-08 10:00:00,buy,40340.49179018892,0.1417601831982548,5718.675506484932
2023-01-08 11:00:00,sell,40866.14487358239,0.0,11511.867690370393
2023-01-08 13:00:00,buy,40177.96754199501,0.14326095114614568,5755.933845185219
2023-01-08 14:00:00,sell,40638.618897406246,0.0,11577.861041693368
2023-01-08 16:00:00,buy,40664.48679531666,0.14235838140500967,5788.930520846699
2023-01-08 17:00:00,sell,40710.97542934182,0.0,11584.479088386921
2023-01-08 18:00:00,buy,40038.669051837096,0.14466613604698955,5792.239544193465
2023-01-08 19:00:00,sell,40668.1144601719,0.0,11675.538523463236
2023-01-08 21:00:00,buy,40274.73383069745,0.14494867393219307,5837.769261731606
2023-01-09 00:00:00,sell,40974.70405474887,0.0,11776.99827923151
2023-01-09 02:00:00,buy,40350.99360181269,0.14593194898058792,5888.49913961575
2023-01-09 03:00:00,sell,40620.55891568274,0.0,11816.33647086213
2023-01-09 04:00:00,buy,40438.41547199041,0.14610286200564265,5908.168235431071
2023-01-09 05:00:00,sell,40978.468618570114,0.0,11895.239781212578
2023-01-09 07:00:00,buy,40247.18785382878,0.14777727855687936,5947.619890606271
2023-01-09 10:00:00,sell,40942.432128577086,0.0,11997.981088067134
2023-01-09 11:00:00,buy,40529.86930809659,0.1480140608998987,5998.990544033591
2023-01-09 13:00:00,sell,40919.657209342455,0.0,12055.675178220183
2023-01-09 14:00:00,buy,40652.65798099269,0.14827659219548234,6027.837589110109
2023-01-09 16:00:00,sell,40880.52113446357,0.0,12089.46195010376
2023-01-09 18:00:00,buy,40124.21469031981,0.15065044940331776,6044.730975051876
2023-01-09 22:00:00,sell,40866.86440616964,0.0,12201.342463545783
2023-01-10 01:00:00,buy,40025.54067531322,0.1524194583968645,6100.6712317728725
2023-01-10 04:00:00,sell,40562.48301660954,0.0,12283.182924396513
2023-01-10 05:00:00,buy,40246.12637096212,0.15260080946894444,6141.591462198262
2023-01-10 06:00:00,sell,40538.31030661365,0.0,12327.770429490758
2023-01-10 07:00:00,buy,40514.587672752816,0.1521398974742806,6163.885214745392
2023-01-10 08:00:00,sell,40929.7860319226,0.0,12390.93866528634
2023-01-10 09:00:00,buy,40106.12189784683,0.1544768987742932,6195.469332643192
2023-01-10 13:00:00,sell,40898.99945845178,0.0,12513.41993195632
2023-01-10 14:00:00,buy,40132.2170718136,0.15590242509608274,6256.709965978167
2023-01-10 15:00:00,sell,40700.81094709245,0.0,12602.06509600707
2023-01-10 16:00:00,buy,40232.34745661441,0.1566160800037441,6301.032548003518
2023-01-10 18:00:00,sell,40825.84015252571,0.0,12695.015595551553
2023-01-10 19:00:00,buy,40411.09333451997,0.1570733992577626,6347.507797775789
2023-01-10 20:00:00,sell,40495.7239322933,0.0,12708.308811225026
2023-01-10 21:00:00,buy,40348.00504691342,0.15748373180345393,6354.154405612508
2023-01-11 02:00:00,sell,40712.88344295253,0.0,12765.771222687723
2023-01-11 03:00:00,buy,40266.51120969404,0.15851598312314696,6382.885611343854
2023-01-11 04:00:00,sell,40528.36806452813,0.0,12807.279719469283
2023-01-11 06:00:00,buy,40223.34328325602,0.15920207861986269,6403.639859734632
2023-01-11 08:00:00,sell,40332.23928050449,0.0,12824.616188584623
2023-01-11 10:00:00,buy,40218.55958884375,0.15943654272668262,6412.308094292305
2023-01-11 11:00:00,sell,40845.83441950554,0.0,12924.626718924803
2023-01-11 13:00:00,buy,40201.2012219496,0.16074926029658063,6462.313359462411
2023-01-11 14:00:00,sell,40648.940350757504,0.0,12996.600452686509
2023-01-11 16:00:00,buy,40142.42972497816,0.16188108868506698,6498.300226343251
2023-01-11 17:00:00,sell,40556.56709820189,0.0,13063.641461529141
2023-01-11 18:00:00,buy,40050.644469906416,0.1630890293331605,6531.820730764592
2023-01-11 19:00:00,sell,40906.95386772178,0.0,13203.296130027713
2023-01-11 20:00:00,buy,40092.95407315304,0.16465855953064965,6601.64806501384
2023-01-11 21:00:00,sell,40236.00452743324,0.0,13226.850611769694
2023-01-11 22:00:00,buy,40023.555568600204,0.16523832557928203,6613.425305884847
2023-01-11 23:00:00,sell,40322.24308043761,0.0,13276.20523609715
2023-01-12 00:00:00,buy,40263.88929538651,0.1648649133060566,6638.102618048593
2023-01-12 01:00:00,sell,40970.13739275191,0.0,13392.640767441864
2023-01-12 02:00:00,buy,40224.09784949009,0.16647534044833306,6696.320383720939
2023-01-12 05:00:00,sell,40799.03092963185,0.0,13488.352947693473
2023-01-12 07:00:00,buy,40255.40357384474,0.16753468789538173,6744.17647384676
2023-01-12 08:00:00,sell,40685.21910126895,0.0,13560.361957933077
2023-01-12 09:00:00,buy,40028.65871087364,0.16938316689399094,6780.180978966563
2023-01-12 14:00:00,sell,40708.95127928714,0.0,13675.592067585403
2023-01-12 15:00:00,buy,40222.55003315459,0.16999906838717144,6837.796033792731
2023-01-12 17:00:00,sell,40902.8609851961,0.0,13791.244295646049
2023-01-12 21:00:00,buy,40465.375458959694,0.17040796161193622,6895.622147823059
2023-01-12 23:00:00,sell,40577.87801785149,0.0,13810.415627382927
2023-01-13 00:00:00,buy,40561.19508878597,0.17024172484504982,6905.20781369144
2023-01-13 01:00:00,sell,40721.92081963088,0.0,13837.777853028947
2023-01-13 03:00:00,buy,40239.17236940767,0.17194411612140054,6918.888926514463
2023-01-13 04:00:00,sell,40519.39937013577,0.0,13885.96123698249
2023-01-13 05:00:00,buy,40239.82842198485,0.17254001547128778,6942.980618491259
2023-01-13 06:00:00,sell,40756.32853878948,0.0,13975.078175126884
2023-01-13 07:00:00,buy,40315.38573628725,0.17332189584568672,6987.539087563421
2023-01-13 09:00:00,sell,40817.83857150472,0.0,14062.164253099816
2023-01-13 11:00:00,buy,40338.31940906728,0.17430280263409836,7031.0821265499435
2023-01-13 12:00:00,sell,40921.83245278674,0.0,14163.872211993672
2023-01-13 13:00:00,buy,40291.933374494576,0.17576560648439352,7081.936105996857
2023-01-13 15:00:00,sell,40478.01906915441,0.0,14196.579676973628
2023-01-13 16:00:00,buy,40019.917822529314,0.17736892589246744,7098.2898384867885
2023-01-13 20:00:00,sell,40912.907148944025,0.0,14354.968234633243
2023-01-14 02:00:00,buy,40379.846308907705,0.17774916879099797,7177.484117316651
2023-01-14 04:00:00,sell,40902.98801987427,0.0,14447.95623891745
2023-01-14 05:00:00,buy,40171.81975920596,0.17982700715974453,7223.978119458753
2023-01-14 06:00:00,sell,40894.92149275417,0.0,14577.989459533448
2023-01-14 07:00:00,buy,40586.27245377555,0.1795926131937408,7288.994729766758
2023-01-14 08:00:00,sell,40212.38487476519,0.0,14510.842012178295
2023-01-14 09:00:00,buy,40045.66275501381,0.18117869719064014,7255.421006089152
2023-01-14 10:00:00,sell,40541.49246561945,0.0,14600.675793174236
2023-01-14 11:00:00,buy,40099.57716398176,0.18205523381788782,7300.337896587102
2023-01-14 12:00:00,sell,40900.75325732423,0.0,14746.534094177001
2023-01-14 13:00:00,buy,40853.63913910888,0.1804800552034579,7373.267047088483
2023-01-14 14:00:00,sell,40889.75217763295,0.0,14753.051777363391
2023-01-14 15:00:00,buy,40068.04795716724,0.1840999565680656,7376.525888681732
2023-01-14 16:00:00,sell,40523.71435844562,0.0,14836.939942048266
2023-01-14 17:00:00,buy,40650.54356893674,0.18249374595553972,7418.469971024127
2023-01-14 18:00:00,sell,40918.11560864832,0.0,14885.770165888196
2023-01-14 19:00:00,buy,40383.38372677748,0.18430563256661542,7442.88508294411
2023-01-14 20:00:00,sell,40878.6725210101,0.0,14977.054680412395
2023-01-14 21:00:00,buy,40449.99092319157,0.18513050730779593,7488.5273402061985
2023-01-15 00:00:00,sell,40762.53874025184,0.0,15034.916816342706
2023-01-15 01:00:00,buy,40261.96161490612,0.18671366487489155,7517.458408171377
2023-01-15 05:00:00,sell,40894.35349589974,0.0,15152.99302208015
2023-01-15 06:00:00,buy,40318.993788313535,0.1879138291699159,7576.496511040101
2023-01-15 07:00:00,sell,40928.89511401559,0.0,15267.601915608633
2023-01-15 08:00:00,buy,40055.66643224846,0.19057980150489792,7633.800957804319
2023-01-15 11:00:00,sell,40713.21131774999,0.0,15392.916689368078
2023-01-15 13:00:00,buy,40190.79021183618,0.19149805973253683,7696.458344684016
2023-01-15 15:00:00,sell,40648.42003707278,0.0,15480.551912976625
2023-01-15 16:00:00,buy,40455.54158915039,0.19132795291916568,7740.275956488311
2023-01-15 17:00:00,sell,40949.46557233654,0.0,15575.053377577313
2023-01-15 20:00:00,buy,40236.64758764994,0.19354312935302542,7787.526688788683
2023-01-15 21:00:00,sell,40694.18437207535,0.0,15663.606478629128
2023-01-15 22:00:00,buy,40270.757438689296,0.19447866733667007,7831.80323931454
2023-01-16 00:00:00,sell,40955.09357645916,0.0,15796.695258712934
2023-01-16 03:00:00,buy,40022.27068585171,0.19734881339825214,7898.347629356448
2023-01-16 04:00:00,sell,40298.9136205076,0.0,15851.290413602284
2023-01-16 05:00:00,buy,40197.37600911888,0.19716822324430228,7925.645206801172
2023-01-16 06:00:00,sell,40926.3877612686,0.0,15995.02836549786
2023-01-16 09:00:00,buy,40253.296235512826,0.19867973385228566,7997.514182748959
2023-01-16 11:00:00,sell,40687.99332466497,0.0,16081.39386747697
2023-01-16 13:00:00,buy,40139.49984333263,0.20031881227025494,8040.6969337384935
2023-01-16 14:00:00,sell,40995.63866993291,0.0,16252.894580359989
2023-01-16 15:00:00,buy,40187.890421361546,0.20221134289398876,8126.447290180003
2023-01-16 16:00:00,sell,40646.20085123641,0.0,16345.570147847306
2023-01-16 20:00:00,buy,40299.28853241403,0.20280221739770973,8172.785073923645
2023-01-16 21:00:00,sell,40718.43290819537,0.0,16430.57355666554
2023-01-16 22:00:00,buy,40553.386606682616,0.20257954922509427,8215.286778332798
2023-01-16 23:00:00,sell,40950.84971608034,0.0,16511.091454200934
2023-01-17 00:00:00,buy,40299.11024861845,0.20485677416124878,8255.545727100438
2023-01-17 02:00:00,sell,40990.895950295984,0.0,16652.80844145747
2023-01-17 03:00:00,buy,40457.7963996887,0.20580468937237578,8326.404220728715
2023-01-17 04:00:00,sell,40859.76110449518,0.0,16735.534662668826
2023-01-17 05:00:00,buy,40244.86313908216,0.20792137626151727,8367.767331334457
2023-01-17 07:00:00,sell,40737.89186752185,0.0,16838.045874422474
2023-01-17 08:00:00,buy,40042.15334667342,0.2102540006857709,8419.022937211257
2023-01-17 10:00:00,sell,40424.98170658312,0.0,16918.537068669462
2023-01-17 11:00:00,buy,40331.42622186219,0.2097438480801678,8459.268534334704
2023-01-17 12:00:00,sell,40817.28530699469,0.0,17020.443022809864
2023-01-17 13:00:00,buy,40480.70963124654,0.2102290594440563,8510.221511404954
2023-01-17 14:00:00,sell,40351.33012317272,0.0,16993.24369051617
2023-01-17 19:00:00,buy,40030.50114718349,0.21225369660044566,8496.621845258094
2023-01-17 20:00:00,sell,40653.68995684439,0.0,17125.517819046727
2023-01-17 21:00:00,buy,40046.474238188224,0.21382054406572285,8562.758909523367
2023-01-17 22:00:00,sell,40285.3705212299,0.0,17176.598752261976
2023-01-17 23:00:00,buy,40162.94371306274,0.21383640197014928,8588.299376131012
2023-01-18 01:00:00,sell,40853.00591817342,0.0,17324.15917133843
2023-01-18 04:00:00,buy,40112.55393300519,0.2159443549801479,8662.079585669228
2023-01-18 05:00:00,sell,40572.410624573975,0.0,17423.462627982553
2023-01-18 06:00:00,buy,40067.7248636657,0.2174251556242282,8711.73131399128
2023-01-18 08:00:00,sell,40843.5662746987,0.0,17592.150067516122
2023-01-18 10:00:00,buy,40121.920753670216,0.21923364755545585,8796.075033758056
2023-01-18 11:00:00,sell,40276.3474510081,0.0,17626.00559565345
2023-01-18 12:00:00,buy,40232.9115414348,0.21904959050131004,8813.002797826726
2023-01-18 14:00:00,sell,40920.07941383369,0.0,17776.529436708086
2023-01-18 15:00:00,buy,40220.59303626567,0.22098790811810734,8888.26471835402
2023-01-18 16:00:00,sell,40669.74491344582,0.0,17875.78657047345
2023-01-18 17:00:00,buy,40664.35448761473,0.21979675806630497,8937.893285236732
2023-01-18 18:00:00,sell,40848.98675466594,0.0,17916.368144205735
2023-01-18 19:00:00,buy,40384.09611983077,0.2218245530498307,8958.184072102871
2023-01-18 20:00:00,sell,40561.96711456947,0.0,17955.824298114174
2023-01-18 22:00:00,buy,40107.71294033608,0.2238450285712509,8977.912149057114
2023-01-18 23:00:00,sell,40792.15302062245,0.0,18109.032807441185
2023-01-19 00:00:00,buy,40655.47909791352,0.22271331207077785,9054.516403720585
2023-01-19 01:00:00,sell,40944.97269884229,0.0,18173.50688612733
2023-01-19 06:00:00,buy,40317.010368429495,0.22538262038841705,9086.75344306371
2023-01-19 07:00:00,sell,40900.44329757374,0.0,18305.00252851875
2023-01-19 08:00:00,buy,40406.087411855806,0.22651293036538614,9152.501264259352
2023-01-19 09:00:00,sell,40483.45540948316,0.0,18322.527380377825
2023-01-19 11:00:00,buy,40123.49796916404,0.22832664532961558,9161.263690188956
2023-01-19 13:00:00,sell,40601.99757711066,0.0,18431.781590651815
2023-01-19 14:00:00,buy,40570.78820299392,0.22715582327892309,9215.890795325911
2023-01-19 15:00:00,sell,40971.90378464881,0.0,18522.89733083264
2023-01-19 18:00:00,buy,40209.61971700465,0.2303291782065693,9261.448665416292
2023-01-19 20:00:00,sell,40900.832822071054,0.0,18682.103877288195
2023-01-19 21:00:00,buy,40393.91773119729,0.23124897170916875,9341.051938644063
2023-01-20 00:00:00,sell,40850.77615409683,0.0,18787.751917800386
2023-01-20 02:00:00,buy,40022.588324933895,0.2347143538702081,9393.875958900193
2023-01-20 03:00:00,sell,40624.0958766369,0.0,18928.934374146407
2023-01-20 04:00:00,buy,40194.15528472267,0.23546874215989616,9464.467187073216
2023-01-20 05:00:00,sell,40653.06593877371,0.0,19036.99348861958
2023-01-20 08:00:00,buy,40010.58581794435,0.23789945959853626,9518.496744309761
2023-01-20 10:00:00,sell,40881.00653630027,0.0,19244.066107139824
2023-01-20 14:00:00,buy,40111.28873927583,0.23988341825946546,9622.033053569934
2023-01-20 16:00:00,sell,40746.48282954969,0.0,19396.43863677293
2023-01-20 17:00:00,buy,40239.97503118927,0.24100957594704214,9698.21931838644
2023-01-20 20:00:00,sell,40818.96067078822,0.0,19535.9797202521
2023-01-20 21:00:00,buy,40308.16152238883,0.24233280534763457,9767.989860126034
2023-01-20 22:00:00,sell,40916.8225701194,0.0,19683.47825945448
2023-01-21 00:00:00,buy,40171.3707184061,0.24499385890304762,9841.739129727279
2023-01-21 02:00:00,sell,40729.23468223923,0.0,19820.15150469691
2023-01-21 03:00:00,buy,40006.57339323965,0.24771118623278798,9910.075752348424
2023-01-21 05:00:00,sell,40717.96367479942,0.0,19996.37083521656
2023-01-21 07:00:00,buy,40182.342753036464,0.24882037065528537,9998.185417608307
2023-01-21 08:00:00,sell,40976.37508180971,0.0,20193.942253574198
2023-01-21 10:00:00,buy,40162.65478160526,0.2514019847963726,10096.97112678711
2023-01-21 11:00:00,sell,40842.97676056141,0.0,20364.97654938437
2023-01-21 13:00:00,buy,40460.27457547984,0.25166631669037454,10182.488274692152
2023-01-21 15:00:00,sell,40762.5540003266,0.0,20441.05009884684
2023-01-21 17:00:00,buy,40406.16332363392,0.2529447046868059,10220.525049423411
2023-01-21 18:00:00,sell,40839.56731856621,0.0,20550.67734435507
2023-01-21 20:00:00,buy,40257.10743327226,0.25524284597966546,10275.338672177515
2023-01-21 22:00:00,sell,40598.85518098545,0.0,20637.906012088526
2023-01-21 23:00:00,buy,40265.54991882484,0.25627249663415114,10318.953006044241
2023-01-22 00:00:00,sell,40761.51935711499,0.0,20765.009338293377
2023-01-22 01:00:00,buy,40585.675160331295,0.2558169755247679,10382.504669146727
2023-01-22 02:00:00,sell,40973.3605908296,0.0,20864.18585257847
2023-01-22 04:00:00,buy,40266.25327453615,0.2590778152405438,10432.092926289251
2023-01-22 05:00:00,sell,40749.60782916978,0.0,20989.412294579517
2023-01-22 06:00:00,buy,40555.9678749526,0.25877094536735923,10494.706147289782
2023-01-22 08:00:00,sell,40918.22927349314,0.0,21083.155019149955
2023-01-22 10:00:00,buy,40305.61027049807,0.2615411958491284,10541.577509574978
2023-01-22 11:00:00,sell,40906.86050742323,0.0,21240.40672511993
2023-01-22 12:00:00,buy,40182.36480249653,0.26430010813848703,10620.203362559962
2023-01-22 14:00:00,sell,40778.3698303452,0.0,21397.93091843141
2023-01-22 15:00:00,buy,40404.5370579848,0.2647961401924121,10698.965459215759
2023-01-22 17:00:00,sell,40843.68218375669,0.0,21514.21485272012
2023-01-22 18:00:00,buy,40444.232350681785,0.26597383115317663,10757.10742636004
2023-01-22 20:00:00,sell,40601.15744420503,0.0,21555.95282104857
2023-01-22 23:00:00,buy,40095.031204172825,0.26881077497210126,10777.97641052429
2023-01-23 00:00:00,sell,40272.04701010932,0.0,21603.53657702467
2023-01-23 01:00:00,buy,40211.2121039416,0.2686257817991397,10801.76828851233
2023-01-23 02:00:00,sell,40577.01648771279,0.0,21701.80106560076
2023-01-23 04:00:00,buy,40065.851165083775,0.27082665704745035,10850.900532800428
2023-01-23 05:00:00,sell,40983.60907219356,0.0,21950.35437156217
2023-01-23 08:00:00,buy,40300.761852555326,0.2723317545691806,10975.177185781078
2023-01-23 09:00:00,sell,40647.847833796695,0.0,22044.876905819998
2023-01-23 10:00:00,buy,40491.45048474318,0.272216438802635,11022.438452909979
2023-01-23 11:00:00,sell,40611.50788580449,0.0,22077.558503988803
2023-01-23 12:00:00,buy,40065.8178665262,0.2755161341962001,11038.77925199446
2023-01-23 13:00:00,sell,40485.45416512438,0.0,22193.175074746978
2023-01-23 14:00:00,buy,40262.91133963061,0.27560320821736434,11096.587537373482
2023-01-23 15:00:00,sell,40663.6487368837,0.0,22303.619587082605
2023-01-23 16:00:00,buy,40285.40332846362,0.27682011031678144,11151.809793541272
2023-01-23 17:00:00,sell,40586.42455588387,0.0,22386.948316464768
2023-01-23 18:00:00,buy,40019.01907735015,0.2797038612215173,11193.474158232368
2023-01-23 19:00:00,sell,40443.18835280139,0.0,22505.590100620015
2023-01-23 20:00:00,buy,40345.67569630263,0.2789095697644052,11252.795050310031
2023-01-23 21:00:00,sell,40966.51295492577,0.0,22678.74755331631
2023-01-23 22:00:00,buy,40154.98927641031,0.2823901582591054,11339.37377665812
2023-01-23 23:00:00,sell,40770.1770066725,0.0,22852.470513824108
2023-01-24 00:00:00,buy,40153.633876579785,0.2845629188140932,11426.235256912114
2023-01-24 01:00:00,sell,40229.18703879733,0.0,22873.970142190366
2023-01-24 02:00:00,buy,40156.6940525108,0.2848089301410016,11436.985071095243
2023-01-24 03:00:00,sell,40757.43426532787,0.0,23045.066319495476
2023-01-24 04:00:00,buy,40193.4495885217,0.2866768908294531,11522.533159747716
2023-01-24 05:00:00,sell,40659.16752608669,0.0,23178.576889840115
2023-01-24 06:00:00,buy,40476.52414789933,0.28632123654129443,11589.288444920016
2023-01-24 07:00:00,sell,40670.47082546767,0.0,23234.10794238456
2023-01-24 08:00:00,buy,40404.17049080273,0.28752116007026235,11617.053971192296
2023-01-24 09:00:00,sell,40685.502655643264,0.0,23314.996892784584
2023-01-24 10:00:00,buy,40079.85899633133,0.29085677291078676,11657.498446392288
2023-01-24 11:00:00,sell,40794.513131777865,0.0,23522.85888836791
2023-01-24 13:00:00,buy,40204.43556944611,0.2925405935339671,11761.429444184007
2023-01-24 15:00:00,sell,40266.64044370858,0.0,23541.05633920536
2023-01-24 16:00:00,buy,40162.24939285373,0.2930744255499055,11770.528169602712
2023-01-24 17:00:00,sell,40559.33604800349,0.0,23657.43228255691
2023-01-24 18:00:00,buy,40126.33735159907,0.2947868388193938,11828.716141278454
2023-01-24 20:00:00,sell,40924.025108840586,0.0,23892.58013487907
2023-01-24 22:00:00,buy,40062.786482001735,0.29818919542220157,11946.290067439519
2023-01-25 03:00:00,sell,40952.26692887537,0.0,24157.8135936761
2023-01-25 06:00:00,buy,40100.29633546141,0.3012173948988113,12078.906796838064
2023-01-25 07:00:00,sell,40972.17460128507,0.0,24420.438493576396
2023-01-25 10:00:00,buy,40109.23657330292,0.30442412496365906,12210.219246788263
2023-01-25 11:00:00,sell,40642.44293283676,0.0,24582.759373002544
2023-01-25 13:00:00,buy,40024.498887251386,0.307096404158013,12291.379686501252
2023-01-25 14:00:00,sell,40872.42534008368,0.0,24843.1545376578
2023-01-25 15:00:00,buy,40209.38937723019,0.30892230549173516,12421.577268828965
2023-01-25 16:00:00,sell,40898.35455789917,0.0,25055.991249673592
2023-01-25 17:00:00,buy,40590.724753202965,0.3086418313791789,12527.99562483686
2023-01-25 19:00:00,sell,40824.067885952994,0.0,25128.010701505315
2023-01-25 21:00:00,buy,40933.08200145771,0.30694012608933874,12564.005350752643
2023-01-25 22:00:00,sell,40967.29870815019,0.0,25138.513181771865
2023-01-26 00:00:00,buy,40120.31801830751,0.31328905681032765,12569.256590885912
2023-01-26 03:00:00,sell,40894.214660555226,0.0,25380.966530890335
2023-01-26 05:00:00,buy,40083.96478733262,0.31659750558047633,12690.48326544518
2023-01-26 07:00:00,sell,40489.13540495013,0.0,25509.24253776254
2023-01-26 08:00:00,buy,40009.85662916783,0.3187869775964885,12754.6212688813
2023-01-26 11:00:00,sell,40634.66590222337,0.0,25708.423597494177
2023-01-26 12:00:00,buy,40411.018852422974,0.3180868031486495,12854.211798747147
2023-01-26 13:00:00,sell,40599.366560932176,0.0,25768.334517974243
2023-01-26 14:00:00,buy,40473.74350065195,0.3183339652972703,12884.167258987085
2023-01-26 16:00:00,sell,40968.266139290616,0.0,25925.75787046136
2023-01-26 17:00:00,buy,40095.78286221246,0.3232978136323476,12962.878935230718
2023-01-26 18:00:00,sell,40792.26593445913,0.0,26150.929324950648
2023-01-26 20:00:00,buy,40068.18565099545,0.32633034039439746,13075.46466247539
2023-01-26 21:00:00,sell,40680.47216431668,0.0,26350.736991261663
2023-01-26 23:00:00,buy,40095.86901150544,0.32859665647476527,13175.368495630824
2023-01-27 00:00:00,sell,40797.754052688935,0.0,26581.374069024212
2023-01-27 01:00:00,buy,40465.44638363506,0.32844533354479555,13290.687034512153
2023-01-27 02:00:00,sell,40950.633645481925,0.0,26740.73156107319
2023-01-27 05:00:00,buy,40566.234675406384,0.3295934633204327,13370.36578053657
2023-01-27 06:00:00,sell,40315.097891603305,0.0,26657.958518732376
2023-01-27 07:00:00,buy,40162.47882282324,0.33187640927660234,13328.979259366215
2023-01-27 09:00:00,sell,40665.74920446286,0.0,26824.982085886197
2023-01-27 11:00:00,buy,40108.33431534675,0.3344065833671651,13412.491042943064
2023-01-27 13:00:00,sell,40218.2134338451,0.0,26861.726386486625
2023-01-27 14:00:00,buy,40132.30282938009,0.33466465281954355,13430.863193243353
2023-01-27 18:00:00,sell,40900.61501048659,0.0,27118.853315833658
2023-01-27 20:00:00,buy,40465.831857738136,0.3350833539166179,13559.426657916838
2023-01-27 21:00:00,sell,40908.72752764564,0.0,27267.260282341413
2023-01-27 22:00:00,buy,40845.557042369735,0.3337848992248599,13633.630141170765
2023-01-27 23:00:00,sell,40875.07898936795,0.0,27277.11426244513
2023-01-28 00:00:00,buy,40236.30591039455,0.3389614633509174,13638.557131222628
2023-01-28 01:00:00,sell,40844.78127607079,0.0,27483.363962807736
2023-01-28 04:00:00,buy,40111.99958796679,0.34258282116472305,13741.681981403864
2023-01-28 05:00:00,sell,40507.18785450701,0.0,27618.74867405028
2023-01-28 06:00:00,buy,40101.38424667233,0.34436153754894483,13809.374337025161
2023-01-28 07:00:00,sell,40259.87158215754,0.0,27673.32561658
2023-01-28 08:00:00,buy,40160.23827570075,0.3445363723517055,13836.662808289953
2023-01-28 09:00:00,sell,40775.48341526368,0.0,27885.29994507203
2023-01-28 10:00:00,buy,40012.233166071484,0.34845968018497825,13942.64997253598
2023-01-28 13:00:00,sell,40642.80625213,0.0,28105.029240973236
2023-01-28 14:00:00,buy,40372.196660229856,0.3480740653958424,14052.514620486578
2023-01-28 16:00:00,sell,40855.442207150925,0.0,28273.23448307449
2023-01-28 18:00:00,buy,40584.43918237798,0.34832604629597747,14136.617241537217
2023-01-28 19:00:00,sell,40885.753443546106,0.0,28378.190088359777
2023-01-28 20:00:00,buy,40272.99937407659,0.3523227786533647,14189.095044179894
2023-01-28 21:00:00,sell,40645.78824292991,0.0,28509.532098485222
2023-01-28 22:00:00,buy,40402.80655922247,0.35281623390068073,14254.766049242631
2023-01-29 01:00:00,sell,40830.99126247184,0.0,28660.602612899547
2023-01-29 02:00:00,buy,40070.783784651634,0.3576246819494145,14330.301306449752
2023-01-29 06:00:00,sell,40973.9034787551,0.0,28983.580506265553
2023-01-29 07:00:00,buy,40095.47298241461,0.3614320813596273,14491.790253132736
2023-01-29 08:00:00,sell,40960.61663503781,0.0,29296.271177308226
2023-01-29 09:00:00,buy,40726.56684151584,0.3596702772825448,14648.135588654128
2023-01-29 10:00:00,sell,40764.117863764426,0.0,29309.777163892617
2023-01-29 12:00:00,buy,40047.49898926374,0.3659376728088582,14654.888581946343
2023-01-29 14:00:00,sell,40985.71392278482,0.0,29653.105353259838
2023-01-29 15:00:00,buy,40265.913771520485,0.36821597445322546,14826.552676629872
2023-01-29 17:00:00,sell,40812.547051264446,0.0,29854.384459029323
2023-01-29 20:00:00,buy,40058.94113164723,0.3726307238241486,14927.192229514658
2023-01-29 22:00:00,sell,40708.4790505595,0.0,30096.42224390483
2023-01-29 23:00:00,buy,40322.3342660542,0.37319791613902004,15048.211121952403
2023-01-30 00:00:00,sell,40813.46348976045,0.0,30279.71064674698
2023-01-30 01:00:00,buy,40676.6226909402,0.372200402142666,15139.855323373544
2023-01-30 02:00:00,sell,40781.79721962303,0.0,30318.856648617893
2023-01-30 03:00:00,buy,40371.71579181706,0.3754962608594807,15159.428324308938
2023-01-30 04:00:00,sell,40548.31844114195,0.0,30385.170283097264
2023-01-30 05:00:00,buy,40139.818425717,0.378491625956508,15192.58514154864
2023-01-30 07:00:00,sell,40802.70733399399,0.0,30636.06818381956
2023-01-30 08:00:00,buy,40677.31328288956,0.376574381532545,15318.034091909845
2023-01-30 09:00:00,sell,40830.782045829495,0.0,30693.86058830823
2023-01-30 10:00:00,buy,40510.7278893782,0.3788362020070749,15346.930294154108
2023-01-30 11:00:00,sell,40739.93829490108,0.0,30780.69378779702
2023-01-30 12:00:00,buy,40508.356683389306,0.37993017130239054,15390.346893898584
2023-01-30 14:00:00,sell,40694.44824330882,0.0,30851.39558603517
2023-01-30 15:00:00,buy,40082.25889672597,0.3848510093396343,15425.697793017644
2023-01-30 16:00:00,sell,40765.00390845256,0.0,31114.15069291975
2023-01-30 18:00:00,buy,40484.67279895376,0.3842707442324176,15557.075346459875
2023-01-30 19:00:00,sell,40513.14285320569,0.0,31125.090901855474
2023-01-30 20:00:00,buy,40232.33487591172,0.38681686009343447,15562.545450927726
2023-01-30 22:00:00,sell,40788.59179270245,0.0,31340.260455813717
2023-01-31 00:00:00,buy,40007.15484811251,0.39168319485348535,15670.130227906906
2023-01-31 01:00:00,sell,40780.895195128775,0.0,31643.321546920095
2023-01-31 02:00:00,buy,40752.65272270406,0.3882363408614502,15821.660773460057
2023-01-31 03:00:00,sell,40822.459437350895,0.0,31670.423050382145
2023-01-31 06:00:00,buy,40064.921578876274,0.3952387999566185,15835.211525191058
2023-01-31 07:00:00,sell,40826.76162313343,0.0,31971.53179523324
2023-01-31 08:00:00,buy,40433.5330562058,0.3953591162908056,15985.765897616639
2023-01-31 09:00:00,sell,40851.60697566491,0.0,32136.821130574826
2023-01-31 10:00:00,buy,40685.17106497812,0.3949451395847541,16068.410565287444
2023-01-31 11:00:00,sell,40953.42338397309,0.0,32242.766080144225
2023-01-31 13:00:00,buy,40094.55989493651,0.4020840503628536,16121.383040072124
2023-01-31 14:00:00,sell,40724.9462953451,0.0,32496.23439731417
2023-01-31 16:00:00,buy,40601.841568622,0.4001817792228912,16248.117198657072
2023-01-31 17:00:00,sell,40647.26887479001,0.0,32514.413577521787
2023-01-31 18:00:00,buy,40491.37135439728,0.4014980536586677,16257.20678876095
2023-01-31 19:00:00,sell,40772.63074817688,0.0,32627.338676697516
2023-01-31 20:00:00,buy,40127.47889514293,0.4065460823237369,16313.669338348724
2023-01-31 22:00:00,sell,40587.22772606628,0.0,32814.24776276232
2023-02-01 01:00:00,buy,40124.07694527404,0.40890969040257763,16407.12388138111
2023-02-01 02:00:00,sell,40349.77277154668,0.0,32906.536973208626
2023-02-01 03:00:00,buy,40044.63366568179,0.410873242691309,16453.26848660439
2023-02-01 04:00:00,sell,40939.37850622552,0.0,33274.16368722415
2023-02-01 06:00:00,buy,40025.39542063056,0.41566314757846706,16637.08184361209
2023-02-01 07:00:00,sell,40639.69725052614,0.0,33529.50631940176
2023-02-01 10:00:00,buy,40195.41524813416,0.4170812282000004,16764.75315970094
2023-02-01 13:00:00,sell,40861.40987611333,0.0,33807.28017681391
2023-02-01 14:00:00,buy,40312.131345668575,0.41931893760370953,16903.640088406966
2023-02-01 15:00:00,sell,40626.4454327872,0.0,33939.07802589837
2023-02-01 16:00:00,buy,40255.1252294703,0.42154977574199654,16969.53901294918
2023-02-01 18:00:00,sell,40962.52764028668,0.0,34237.283353537365
2023-02-01 19:00:00,buy,40568.517388011256,0.42196862934477275,17118.641676768675
2023-02-01 20:00:00,sell,40849.932509296144,0.0,34356.03170654284
2023-02-02 00:00:00,buy,40055.1519439986,0.42885908602439393,17178.015853271372
2023-02-02 01:00:00,sell,40692.75849022103,0.0,34629.47506719896
2023-02-02 02:00:00,buy,40315.77134354012,0.4294780170781443,17314.737533599477
2023-02-02 03:00:00,sell,40851.18236225221,0.0,34859.42232983722
2023-02-02 04:00:00,buy,40342.84529412827,0.43203970959022564,17429.711164918644
2023-02-02 07:00:00,sell,40934.26341407468,0.0,35114.938442625265
2023-02-02 08:00:00,buy,40255.27654450999,0.436153238244419,17557.46922131263
2023-02-02 10:00:00,sell,40622.18719985941,0.0,35274.96771310229
2023-02-02 11:00:00,buy,40336.39301662448,0.4372598176857795,17637.48385655112
2023-02-02 14:00:00,sell,40938.084842155375,0.0,35538.06337103695
2023-02-02 15:00:00,buy,40356.547317329416,0.4403010878457466,17769.03168551846
2023-02-02 18:00:00,sell,40792.097126393135,0.0,35729.83642577872
2023-02-02 19:00:00,buy,40383.03917746174,0.44238666967046997,17864.918212889304
2023-02-02 21:00:00,sell,40854.34543749077,0.0,35938.3360325478
2023-02-03 00:00:00,buy,40124.08625117382,0.4478399309528998,17969.168016273918
2023-02-03 02:00:00,sell,40606.0597019386,0.0,36154.18298945943
2023-02-03 04:00:00,buy,40127.76573476984,0.4504883629508009,18077.091494729717
2023-02-03 05:00:00,sell,40439.354532917554,0.0,36294.55011705079
2023-02-03 06:00:00,buy,40042.06189294398,0.45320530963274724,18147.275058525487
2023-02-03 07:00:00,sell,40584.08107726201,0.0,36540.19608930653
2023-02-03 08:00:00,buy,40457.7856290569,0.45158423182537294,18270.09804465326
2023-02-03 09:00:00,sell,40843.96683582932,0.0,36714.58943291225
2023-02-03 10:00:00,buy,40126.79359363464,0.4574822225359208,18357.29471645613
2023-02-03 12:00:00,sell,40961.59483366975,0.0,37096.496159579256
2023-02-03 13:00:00,buy,40202.07424587612,0.4613753998450045,18548.248079789602
2023-02-03 16:00:00,sell,40955.5489653546,0.0,37444.13085955174
2023-02-03 19:00:00,buy,40041.03523306016,0.46757196263292233,18722.06542977581
2023-02-03 20:00:00,sell,40688.60234989887,0.0,37746.91508730856
2023-02-03 21:00:00,buy,40370.97437310672,0.4675006693974414,18873.457543654215
2023-02-03 22:00:00,sell,40580.97223394766,0.0,37845.08922782373
2023-02-03 23:00:00,buy,40247.10919664997,0.4701590994139484,18922.544613911938
2023-02-04 01:00:00,sell,40841.86071722383,0.0,38124.71706711181
2023-02-04 02:00:00,buy,40425.80673271482,0.4715393476150372,19062.358533555886
2023-02-04 04:00:00,sell,40942.619650581015,0.0,38368.41469324146
2023-02-04 05:00:00,buy,40423.55132985127,0.47457995934300445,19184.20734662079
2023-02-04 06:00:00,sell,40901.9379857207,0.0,38595.44741293421
2023-02-04 07:00:00,buy,40144.12266231668,0.4807110587219759,19297.723706467095
2023-02-04 08:00:00,sell,40857.06975006403,0.0,38938.16896229799
2023-02-04 10:00:00,buy,40061.192841931086,0.48598364402098193,19469.084481149042
2023-02-04 11:00:00,sell,40872.246373685,0.0,39332.32771315584
2023-02-04 12:00:00,buy,40295.95990624052,0.488043066906376,19666.163856577856
2023-02-04 14:00:00,sell,40792.65198261469,0.0,39574.73483741759
2023-02-04 15:00:00,buy,40318.91635078473,0.4907713105817071,19787.36741870875
2023-02-04 17:00:00,sell,40671.22440051261,0.0,39747.637520711025
2023-02-04 18:00:00,buy,40496.35683628449,0.4907557200935354,19873.818760355465
2023-02-04 19:00:00,sell,40970.476346334006,0.0,39980.31438227577
2023-02-04 20:00:00,buy,40264.13974000678,0.49647545732302073,19990.157191137892
2023-02-04 21:00:00,sell,40457.75920549746,0.0,40076.44169495189
2023-02-04 22:00:00,buy,40160.63558749466,0.4989517858555859,20038.220847476034
2023-02-05 01:00:00,sell,40859.03043776508,0.0,40424.90705272666
2023-02-05 04:00:00,buy,40119.56313145116,0.5038054243047827,20212.45352636339
2023-02-05 07:00:00,sell,40475.47165633742,0.0,40604.215698120664
2023-02-05 08:00:00,buy,40436.899282098544,0.5020688581344334,20302.10784906036
2023-02-05 09:00:00,sell,40540.43895033681,0.0,40656.19974112467
2023-02-05 10:00:00,buy,40454.9371557699,0.5024874910147527,20328.09987056236
2023-02-05 12:00:00,sell,40900.25290540855,0.0,40879.96533486995
2023-02-05 13:00:00,buy,40204.776132941726,0.508396878018866,20439.98266743496
2023-02-05 14:00:00,sell,40882.11324348106,0.0,41224.32140723447
2023-02-05 15:00:00,buy,40281.789715608174,0.5116992280914118,20612.1607036172
2023-02-05 16:00:00,sell,40815.69407088632,0.0,41497.519853704944
2023-02-05 17:00:00,buy,40286.87052265133,0.5150253583282552,20748.75992685242
2023-02-05 18:00:00,sell,40424.34120531798,0.0,41568.32074130497
2023-02-05 19:00:00,buy,40241.83759417874,0.5164813938233055,20784.16037065244
2023-02-05 21:00:00,sell,40596.230604384335,0.0,41751.358137177194
2023-02-05 22:00:00,buy,40049.93603180887,0.521241258712836,20875.67906858857
2023-02-06 00:00:00,sell,40839.57808932417,0.0,42162.95215716906
2023-02-06 03:00:00,buy,40419.928705751794,0.5215614364897316,21081.476078584612
2023-02-06 04:00:00,sell,40833.38019128647,0.0,42378.59250788334
2023-02-06 05:00:00,buy,40101.79931263664,0.528387668811275,21189.296253941673
2023-02-06 06:00:00,sell,40963.35853819276,0.0,42833.829778617786
2023-02-06 07:00:00,buy,40238.23082583101,0.5322528960582482,21416.914889308955
2023-02-06 08:00:00,sell,40688.23893242703,0.0,43073.34789660321
2023-02-06 09:00:00,buy,40284.8432809808,0.5346098481279035,21536.673948301675
2023-02-06 10:00:00,sell,40873.0285063377,0.0,43387.797510602344
2023-02-06 12:00:00,buy,40115.72066447813,0.5407829747531079,21693.89875530114
2023-02-06 13:00:00,sell,40558.622395224666,0.0,43627.31122607876
2023-02-06 18:00:00,buy,40057.28778508079,0.5445614723112566,21813.65561303945
2023-02-06 20:00:00,sell,40966.69748749905,0.0,44122.54071256179
2023-02-06 22:00:00,buy,40432.54069995445,0.5456315624584457,22061.270356280947
2023-02-06 23:00:00,sell,40813.670627259766,0.0,44330.497230297064
2023-02-07 00:00:00,buy,40282.45912851828,0.5502456675852874,22165.248615148466
2023-02-07 01:00:00,sell,40876.67052259501,0.0,44657.45947551759
2023-02-07 03:00:00,buy,40507.175452427706,0.551228998032263,22328.72973775879
2023-02-07 04:00:00,sell,40659.92056057771,0.0,44741.657008437454
2023-02-07 07:00:00,buy,40023.68845404824,0.5589397021692049,22370.828504218687
2023-02-07 09:00:00,sell,40566.91208855421,0.0,45045.28626491949
2023-02-07 10:00:00,buy,40409.70896187755,0.5573572220900568,22522.643132459743
2023-02-07 11:00:00,sell,40817.88116691232,0.0,45272.78399125204
2023-02-07 15:00:00,buy,40304.93774266801,0.5616282585560847,22636.391995626
2023-02-07 16:00:00,sell,40531.654058781896,0.0,45400.11428105734
2023-02-07 17:00:00,buy,40267.702034422415,0.5637286458791151,22700.0571405287
2023-02-07 19:00:00,sell,40835.47563969188,0.0,45720.1845267218
2023-02-07 20:00:00,buy,40598.13676947804,0.5630823008741429,22860.092263360963
2023-02-07 21:00:00,sell,40606.98626475299,0.0,45725.167520882795
2023-02-07 22:00:00,buy,40211.7198950945,0.5685552326557015,22862.583760441437
2023-02-08 00:00:00,sell,40956.85164377401,0.0,46148.81607561242
2023-02-08 01:00:00,buy,40501.56976721977,0.569716388041867,23074.408037806294
2023-02-08 02:00:00,sell,40791.87788126887,0.0,46314.20936576772
2023-02-08 03:00:00,buy,40305.00859670129,0.5745465759503416,23157.104682883906
2023-02-08 04:00:00,sell,40533.7533113166,0.0,46445.63385831668
2023-02-08 05:00:00,buy,40355.2489025681,0.5754596381062204,23222.816929158394
2023-02-08 09:00:00,sell,40990.63478800437,0.0,46811.272790007635
2023-02-08 10:00:00,buy,40332.09446216687,0.5803228596759163,23405.63639500377
2023-02-08 11:00:00,sell,40725.46004145184,0.0,47039.55182787636
2023-02-08 12:00:00,buy,40457.54050164127,0.5813446794419931,23519.775913938265
2023-02-08 14:00:00,sell,40963.60341011931,0.0,47333.74880718301
2023-02-08 15:00:00,buy,40008.8571116113,0.5915408765006414,23666.87440359154
2023-02-08 16:00:00,sell,40824.08737009127,0.0,47815.990828834096
2023-02-08 17:00:00,buy,40225.15205836841,0.5943543825446677,23907.99541441717
2023-02-08 18:00:00,sell,40950.66872852182,0.0,48247.20484134899
2023-02-08 19:00:00,buy,40480.32002453913,0.5959340836745067,24123.60242067448
2023-02-08 20:00:00,sell,40736.08846120644,0.0,48399.62597028719
2023-02-08 21:00:00,buy,40222.75109145855,0.6016448981850611,24199.812985143555
2023-02-08 22:00:00,sell,40890.90024544646,0.0,48801.61450001068
2023-02-08 23:00:00,buy,40271.69330167167,0.6059046752074986,24400.807250005306
2023-02-09 00:00:00,sell,40699.02769905241,0.0,49060.53840926064
2023-02-09 01:00:00,buy,40259.702376515015,0.6093008084168006,24530.269204630255
2023-02-09 03:00:00,sell,40927.69336422016,0.0,49467.54585808452
2023-02-09 06:00:00,buy,40041.69224892556,0.6177004901611226,24733.77292904238
2023-02-09 08:00:00,sell,40797.55845260764,0.0,49934.44478259517
2023-02-09 09:00:00,buy,40310.28054061652,0.6193760513807572,24967.222391297535
2023-02-09 10:00:00,sell,40828.02076687328,0.0,50255.12067957506
2023-02-09 13:00:00,buy,40236.98447319649,0.6244891526731081,25127.56033978758
2023-02-09 14:00:00,sell,40870.91907924069,0.0,50651.00596455376
2023-02-09 17:00:00,buy,40062.695409167,0.6321467570672253,25325.502982276827
2023-02-09 18:00:00,sell,40876.43390240654,0.0,51165.40811415591
2023-02-09 21:00:00,buy,40352.56721502799,0.6339795909577333,25582.704057078023
2023-02-09 22:00:00,sell,40781.5619840462,0.0,51437.38204234108
2023-02-09 23:00:00,buy,40388.63394761751,0.6367804133837914,25718.69102117057
2023-02-10 00:00:00,sell,40986.65739824387,0.0,51818.19166244414
2023-02-10 02:00:00,buy,40322.28121143898,0.6425503481651231,25909.095831222017
2023-02-10 03:00:00,sell,40573.40728446218,0.0,51979.55280809853
2023-02-10 04:00:00,buy,40061.86825681821,0.6487409982340484,25989.77640404935
2023-02-10 06:00:00,sell,40443.63075373539,0.0,52227.21779143691
2023-02-10 07:00:00,buy,40318.87369338332,0.6476770431214687,26113.608895718433
2023-02-10 08:00:00,sell,40922.79457152201,0.0,52618.3634800691
2023-02-10 10:00:00,buy,40419.793501520224,0.6508984698065065,26309.18174003461
2023-02-10 11:00:00,sell,40922.7817597752,0.0,52945.7577676979
2023-02-10 12:00:00,buy,40805.06190703587,0.6487645808297191,26472.878883849033
2023-02-10 14:00:00,sell,40962.52935358592,0.0,53047.91706965327
2023-02-10 15:00:00,buy,40090.041474852405,0.6616096556414011,26523.95853482668
2023-02-10 18:00:00,sell,40836.72564835406,0.0,53541.93052855658
2023-02-10 19:00:00,buy,40318.19309945512,0.6639921882967508,26770.965264278417
2023-02-10 20:00:00,sell,40881.79254486223,0.0,53916.15615763528
2023-02-10 22:00:00,buy,40103.82006441767,0.6722072370042471,26958.078078817594
2023-02-11 00:00:00,sell,40552.07350341337,0.0,54217.475363340236
2023-02-11 01:00:00,buy,40482.605651669226,0.6696391510696222,27108.737681670165
2023-02-11 03:00:00,sell,40741.610573736434,0.0,54390.91519947618
2023-02-11 05:00:00,buy,40292.4875344915,0.6749510706296825,27195.457599738005
2023-02-11 07:00:00,sell,40963.29966029612,0.0,54843.68056197938
2023-02-11 08:00:00,buy,40328.67274882503,0.679958907940716,27421.8402809898
2023-02-11 09:00:00,sell,40563.35413010242,0.0,55003.25425770678
2023-02-11 10:00:00,buy,40235.22407128969,0.6835211624551978,27501.627128853495
2023-02-11 12:00:00,sell,40785.13895075405,0.0,55379.13271536967
2023-02-11 14:00:00,buy,40389.29031126044,0.6855670437458743,27689.566357684966
2023-02-11 15:00:00,sell,40422.37082774578,0.0,55401.81162726211
